"Whitney Fuller","3501931090905872","321","04/31"
"Kyle Hall","6564828466873642","745","05/32"
"Tammy Jones","378837547686187","331","09/26"
"April Jefferson","3567445970275109","253","09/34"
"Travis Hanson","4247729934405373","056","01/29"
"Tina Hodge","180075480379407","7684","06/28"
"Daisy Wilkerson","676177709729","255","02/34"
"Nancy Reese","30198501590810","275","06/32"
"Karen Moore","4834915912293423370","835","01/26"
"Jessica Conner","30428534052078","391","10/27"
"Elizabeth Young","3590253687027842","116","11/30"
"Brianna Garcia","4118803578159687110","557","02/30"
"Nicole Kidd","3557223088217947","5012","01/28"
"Victor Moran","6011249497764925","230","03/31"
"Erin Ward","6011031454347385","651","11/31"
"Robert Smith","4644645626487561601","7619","12/33"
"John Ward","4764855043162441011","916","10/25"
"Benjamin Chung","6547195952122823","750","04/35"
"Abigail Williams","4078438022131312066","874","10/27"
"Kent Bradley","213136800585833","492","11/26"
"Lucas Coffey","6551737291217583","624","07/27"
"Timothy Logan","213189845812407","861","02/26"
"Nancy Fuller","4226872313892","9360","06/26"
"Brian Colon","30525244375994","716","02/28"
"Phyllis Roberts","4814011853521812312","480","05/33"
"Tyrone Roy","4675857740438915","989","05/27"
"Antonio Marshall","2720236806986233","123","08/35"
"John Tapia","30153726296800","599","10/27"
"Ashley Lee","3574664098861050","289","05/34"
"Kathleen Garcia","5206234315483723","038","10/29"
